# Native target address	current MAP symbol (informational)
0087B6FC	fTalk.TalkDialogActive
0087A830	ab_Global.SphereRadius
0087A6E4	GR_Main.WindowedModeRequested
00889130	GR_Main.Direct3DPresentParameters
00408CD4	-
00408BF4	-
0087DDF8	aConst.WarriorHullSlots
0088C294	aGalaxy.WingmenPendingLeadershipPenalty
00412F34	-
00408C3C	-
00408B34	-
00881FC8	Globals.PreviousFilmActivity
0087DAF8	aConst.SkillConfigNames
00888DAA	GlobalsV.HardwareRenderingEnabled
00408D24	-
00408D64	-
00408DCC	-
008798B4	GlobalsV.ViewFollowShip
0041FE70	-
0088B730	GR_DX.CircleSin
008798FC	GlobalsV.ShowWineWarning
008797F0	GlobalsV.DumpLoadedConfig
00888E84	GR_Main.GameScreenWidth
00884034	System.IsLibrary
00408CF4	-
00888E61	GR_Main.VSyncEnabled
00889234	ab_Global.ArcadeMapVersion
00889250	ab_Global.SphereViewMatrix
0087D698	aConst.PlanetGovernmentMarket
00889218	aCalc.TurnCalculationPhase
0088BFBC	Globals.StarMapWeaponPanelOpen
00888DC4	GlobalsV.NormalBoldFontName
0041FEF8	-
008798F4	GlobalsV.UiRuntimeFlag
0088A134	aConst.HullFragilityByType
00889E9C	aConst.SpeedArtefactBoostFactor
0087A6D4	GI_RotateImage5.RotateImageConstructionStage
00889F00	aConst.MaxTransmitterPower
0087B7A8	aScript.StagedArcadeShipScript
0088BF34	Globals.AboutScreen
0041FF18	-
00879868	GlobalsV.FilmSpeed
0087EBDC	Robot.RobotAnisotropy
008891EC	SimpleSteamApi.SteamLocal
00889C4C	aScript.QueuedArcadeBattles
0087C7D4	aConst.DominatorRetreatStrengthByTier
00889F60	aConst.ScannerBaseSize
0088AB68	aConst.HullSeriesDefinitions
0087A6D8	PopUp.PopupController
00884028	System.AbstractErrorProc
0087A6E0	GR_Main.SkipModsOnReload
00879980	GlobalsV.BackgroundGrayscale
00889EE4	aConst.SplinterArtefactBoostFactor
00889EE0	aConst.EnergyPulseArtefactBoostFactor
00889100	GR_Main.LineRasterizer16
0045F274	-
00408C74	-
00889F04	aConst.TransmitterSameSystemPenalty
0045F284	-
0041FE48	-
00878014	System.VarAddRefProc
00408DDC	-
008893F9	ab_Global.ArcadeEnemiesDefeated
0087A74C	GR_Main.ShowFrameRate
008893F4	ab_Global.ArcadeMapColorBuffer
00888DD4	GlobalsV.AuthorsFontName
0087E9BC	aConst.PlanetInventionInfo
00889E28	aConst.FuelArtefactBase
00884008	System.ErrorProc
00888DC8	GlobalsV.BigFontName
0088BF44	Globals.JournalScreen
00888DB0	GlobalsV.RangerFontName
00889EF8	aConst.MinTransmitterPower
0087C96C	aConst.ItemTypeNames
0088BF4C	Globals.LoadQuestScreen
0088BFCC	Globals.SpaceProcess
0041FEF0	-
00408DB4	-
0087A8CC	ab_Global.ArcadeMapPalette
0087EC0C	GR_DX.PendingPointCapacity
00889ED0	aConst.WeaponToSpeedArtefactBoost
00889E54	aConst.CargoHookArtefactPower
00888E94	GR_Main.ViewportOffset
00889120	GR_Main.DesktopDisplayMode
0087997C	GlobalsV.BackgroundBlur
00889E0C	aConst.QuestExperience
0088A054	aConst.CargoHookLevelStats
00889114	GR_Main.CCInterface
0041FEE0	-
0087A78C	GR_Main.RobotBattleActive
0087E988	aConst.EquipmentSizeFactors
0087C7F4	aConst.DominatorSeriesNames
00881FD0	Globals.TurnCalculationThread
00408CDC	-
00879804	GlobalsV.RightClickOnShip
00888DD0	GlobalsV.IntroFontName
00889108	GR_Main.RuntimeExitCheckCallback2
0041FD90	-
0041FF40	-
00889D64	aConst.GoodsInflationMax
0088A01C	aConst.RepairRobotLevelPoints
0088BF40	Globals.SpaceObjectUiLoop
0087A740	GR_Main.CacheLoadLoggingEnabled
0087A850	ab_Global.SphereFieldOfView
00879840	GlobalsV.AnimCity
0087A99C	ab_Global.SpeedPenaltyScale
0087A73C	GR_Main.NewGameSeedText
008799A4	GlobalsV.MinimumSatelliteTemplateRadius
00889F7C	aConst.EngineLevelStats
0041FF20	-
0087B7EC	ab_Space.HoveredArcadeSpace
00889C7C	ab_Hit.KellerFragments
00889F14	aConst.SubportalRewardPenalty
00879988	GlobalsV.PlanetAtm
0088BF18	Globals.JumpScreen
00889C6C	aScript.ScriptDialogInjections
0087EAC4	aConst.ProgramNames
00879834	GlobalsV.Comet
00881FEC	Globals.TalkRequestEvent
0088A024	aConst.DefGeneratorLevelFactors
00879858	GlobalsV.StaticBackground
0087A744	GR_Main.SoundManager
0087A858	ab_Global.CameraFollowStep
0087EBFC	GR_DX.ReservedTextureBytes
0087986C	GlobalsV.BGOCount
0088A9DC	aConst.WearMassMax
0088BEF8	Globals.RangerRatingScreen
0087B7E8	ab_Space.EndArcadeSpace
00879860	GlobalsV.ScrollStep
00888E9C	GR_Main.AlternateViewportEnabled
0087A804	GI_GAI.GaiFrameHeap
0041FF00	-
00408C6C	-
00408C4C	-
00881FB8	Globals.ScannerTarget
008799BC	GlobalsV.ForcedPlanetQuestId
0087B7F8	ab_Object.FirstArcadeObject
00889D60	aConst.GoodsInflationMin
0041FE20	-
00889C8C	ab_Hit.KellerFragmentDistances
008798B0	GlobalsV.DoNotChangeMusicInBattle
00888EE0	GR_Main.UserSettingsConfig
0088BEE8	Globals.EquipmentShopScreen
00889EA8	aConst.ScannerArtefactBoostPower
00889F54	aConst.FuelTanksBaseSize
0041FD30	-
0087A88C	ab_Global.ArcadePathArcStep
008798E0	GlobalsV.TurnSaveStep
00888958	VarUtils.VarBstrFromCy
00881FB0	Globals.ReloadModsRequested
008893F8	ab_Global.ArcadeAutopilotEnabled
008890E0	GR_Main.SavePreviewGraph
0041FE00	-
0088A9E0	aConst.GoodsMarketBase
00888ED0	GR_Main.MainWindowHandle
0041FDF8	-
0041FDF0	-
0088BFDC	Globals.LastPersistentPlayerMessage
0087EBF0	GR_DX.TextureManagerDisabled
0088A9D8	aConst.WearMassMin
0087DC28	aConst.WealthDemandScales
0087A6EC	GR_Main.FullFrameRedrawRequested
0088BF0C	Globals.StarMapScreen
00408B4C	-
0087A6DC	GR_Main.SuppressModRetryPrompt
0041FD70	-
00879820	GlobalsV.PendingQuestName
0088B188	GR_DX.PendingPoints
0087A994	ab_Global.RegenerationHealthPerTick
0088BF64	Globals.TalkShip
0087E830	aConst.WeaponDamageFlagNames
008891E8	SimpleSteamApi.SteamUploadScore
00889E78	aConst.EnergyPulseArtefactChance
00888D00	GlobalsV.RegisteredScreens
00888DCC	GlobalsV.HugeFontName
008893FC	ab_Global.ArcadeLastInputTick
0087A840	ab_Global.SphereNearCameraOffset
0087A828	ab_Global.ArcadeViewMode
008820B0	aMyFunction.InfoHullSeriesColorTag
0087E664	aConst.DominatorHullSlots
00888E64	GR_Main.ScreenRenderBuffer
00888DD8	GlobalsV.SmoothSmallFontName
008893D0	ab_Global.ArcadeMapViewPosition
0087A7A0	GR_Main.OffscreenFillViewport
00889C50	aScript.QueuedPlanetaryBattles
0088BFAC	Globals.ScriptTemplateStartRequested
00888E08	Direct3D9.Direct3DCreate9
0087A9A4	ab_Global.AmmoRechargeBonusScale
008890F8	GR_Main.BlendPixel16
0087A794	GR_Main.Direct3D
00408AFC	-
0087EBE0	Robot.RobotMaxDistance
0087990C	GlobalsV.ShipPathDepth
00889EBC	aConst.DefenseArtefactBoost
00889EC8	aConst.CargoHookArtefactBoostRange
0087992C	GlobalsV.ConstellationLineDepth
00889D78	aConst.QuestTuning
0087DBDC	aConst.TechnicalSkillSatelliteLimits
0087A768	GR_Main.DebugKeyCallback
0041FDC8	-
00412FC4	-
00408DBC	-
0087C270	aConst.GalaxySizeY
00881FE0	Globals.FilmHistory
0088BF7C	Globals.ScriptUseItem
0088C1C4	Globals.TerronShipTemplates
00408D9C	-
00888EF4	GR_Main.SelectedModsDisplaySuffix
0087982C	GlobalsV.AnimCaptain
0088A9D4	aConst.HullMassEvaluationEnd
00408DC4	-
0087A9C4	ab_Global.CargoPickupDistance
0087A9BC	ab_Global.ArcadeHighDangerThreshold
00888E70	GR_Main.SelectedLanguage
0087EA5C	aConst.EquipmentInventionIndices
00889F70	aConst.AfterburnerSpeedFactor
00889C70	aScript.ScriptDialogBlocks
0088A044	aConst.RadarLevelRanges
008893F0	ab_Global.ArcadeGridMode
00879900	GlobalsV.XonarSoundDevice
008799B4	GlobalsV.SpaceImageTemplates
0088401C	System.ExceptionClass
008891A4	GR_Main.RobotDisplayModes
0087A874	ab_Global.PlayerSlowTurnSpeed
0088C210	Globals.ShipGreetingDefinitions
00888F08	GR_Main.UiDepthConfig
00889D00	aRanger.PlayerOldQuests
0041FF08	-
0041FF50	-
0087B6B8	aSaveLoad.SaveLoadLock
00888EE4	GR_Main.MainDataConfig
0041FF10	-
00881EF8	Achievements.AchievementDefinitions
0087CC38	aConst.OwnerInfo
0088BF84	Globals.ScriptItemInfoContextStack
00408B1C	-
0087C5EC	aConst.DominatorDisplayOrder
0088A9D0	aConst.HullMassEvaluationStart
0088AF30	aConst.RadiationHealthDefinitions
00408BDC	-
0088AFB8	Robot.SupportedMultiSamples
00882000	Globals.MinimapFrameCounter
0087BBD8	fShip2.PlayerHoldShip
00889BD8	aKling.TerronShip
00408B14	-
00879890	GlobalsV.MusicInHyperEnabled
00888EFC	GR_Main.EditableSaveBlock
00889BE0	aKling.DominatorSpawnPlanet
00878AAC	Classes.AddDataModule
00408CFC	-
00408B54	-
00888E68	GR_Main.RenderScratchBuffer
0087C040	aRanger.PendingPlayerFollowTarget
00878AB4	Classes.RemoveDataModule
00408BE4	-
00889CD4	ab_Ship.ArcadePaused
0087A870	ab_Global.PlayerFastTurnSpeed
00881FFC	Globals.PlanetRenderTemplates
00888AD4	UxTheme.IsThemeBackgroundPartiallyTransparent
00408C9C	-
00408C54	-
0087EBF8	GR_DX.AvailableTextureBytes
0087EB54	aConst.PirateProgramBaseCosts
00889C48	aScript.CurrentScript
00888EDC	GR_Main.LanguageInstallConfig
00888B18	UxTheme.GetThemeSysBool
0041FF28	-
0087A7A8	GR_Main.GameDisplayModeCount
00879918	GlobalsV.UnitPathEndDepth
00889C58	aScript.QueuedVideos
0087A8AC	ab_Global.ShipTailBackDepth
0088BEFC	Globals.RewardsScreen
0088BF58	Globals.SpaceViewPosition
00412F24	-
00888F10	GR_Main.GlobalCache
0041FEB8	-
00888A9C	UxTheme.OpenThemeData
0041FD40	-
0041FD20	-
0088C034	Globals.ArcadeWeaponLoopSounds
00889F2C	aConst.ItemExplosionRadiusSquared
0087984C	GlobalsV.AnimStar
0087E7F0	aConst.HullType10Slots
0041FE90	-
00408D4C	-
0087A770	GR_Main.DirectXVersion
00889E98	aConst.FuelArtefactBoost
0041FD50	-
0087A9B8	ab_Global.WeaponSwitchDelayMs
0088A0D4	aConst.HullFragilityByOwner
00888BFC	FlatSB.FlatSB_SetScrollPos
008797F4	GlobalsV.HalfGovAnim
008891D4	SimpleSteamApi.SteamInit
0087B804	ab_Ship.KellerArcadeShip
00888E6C	GR_Main.SecondaryRenderScratchBuffer
00884218	System.Output
0087B84C	ab_Zone.FirstZone
0087989C	GlobalsV.MusicVolumeScale
00888DF0	GlobalsV.SmoothIntroFontName
0041FE88	-
00408D6C	-
00889EC4	aConst.CargoHookArtefactBoostPower
0041FD10	-
00889D30	aConst.ArtefactLootPools
008891F8	SimpleSteamApi.SteamUnlockAchievement
00879970	GlobalsV.LoadedSaveVersion
008891AC	GR_Main.ExtraScreenHeight
00889CD8	ab_StopLine.StopPointIndex
00888DE4	GlobalsV.SmoothNormalBoldFontName
0041FCF8	-
00888A0C	MultiMon.GetMonitorInfo
0088400C	System.ExceptClsProc
00881FE8	Globals.SaveManagerMode
0088402C	System.MainInstance
0041FD00	-
008787C8	SysUtils.Win32MajorVersion
00412EDC	-
0087A7AC	GR_Main.SelectedGameDisplayMode
0088BEC4	Globals.MainMenuScreen
00889210	SimpleSteamApi.SteamAchievementData
00888DA8	GlobalsV.SkipSavedPixelRestore
0041FED0	-
00408D2C	-
00889E5C	aConst.CargoHookArtefactSpeed
00889F9C	aConst.HullLevelStats
00889E50	aConst.AntigravityArtefactMassFactor
00884004	System.ExceptProc
0087A880	ab_Global.ArcadeMapNodeRadius
0088BF04	Globals.TalkScreen
008889FC	MultiMon.GetSystemMetrics
00889C64	aScript.ScriptProcess
00888E62	GR_Main.PathGrowEnabled
00884010	System.ExceptObjProc
0087A9B4	ab_Global.RevealAfterFiringMs
0088AB70	aConst.CaptainHealthDefinitions
0088BF80	Globals.ScriptItemContextStack
0087B7C4	aScript.UselessItemScriptCache
0041FE80	-
008891E0	SimpleSteamApi.SteamSetLeaderboardName
00889D74	aConst.GoodsInflationEndTurn
0041FF38	-
00878AA8	TypInfo.DotSep
00408AF4	-
0041FD38	-
00888DA9	GlobalsV.HardwareRenderingRequested
00889F48	aConst.AsteroidMaxDamageFactorWithDefGenerator
0041FE40	-
00408D74	-
00408BB4	-
0087994C	GlobalsV.TalkReturnScreenId
00888DAD	GlobalsV.UseTablesForGov
00889350	ab_Global.SphereProjectionMatrix
0088C288	aGalaxy.Galaxy
00408BAC	-
0088BFB4	Globals.NewGameGenerationThread
0088BEF0	Globals.GovernmentScreen
00889E6C	aConst.DefenseToEnergyPenalty
00408BBC	-
00879924	GlobalsV.GalaxyStarNameDepth
0088C21C	Globals.GovernmentGreetingCount
00888ED8	GR_Main.InstallConfig
0087A8A4	ab_Global.ShipBackDepth
00889118	GR_Main.RuntimeStartupTick
0087A9A8	ab_Global.ShieldDamageScale
0087EB24	aConst.PirateProgramBatchSizes
0087C614	aConst.DominatorShipDefinitions
00888DC0	GlobalsV.NormalFontName
0041FD60	-
00412F5C	-
0087B7E0	ab_Space.NextArcadeSpace
0088BF30	Globals.GameEndScreen
0087B7B8	aScript.ScriptLibraryCache
0088BF24	Globals.GameLoadScreen
008798D4	GlobalsV.DynamicTipsPos
00408DAC	-
00408B24	-
0087B7AC	aScript.ScriptArcadeReturnScreenId
0087A87C	ab_Global.SphereHighSpeedDrag
0088BF88	Globals.ScriptActionShipStack
00889CD1	ab_Hit.KellerFinishRequested
0087EB90	Robot.RobotInterface
0088911C	GR_Main.MainRuntimeThreadId
0088AB60	aConst.MicroModuleTemplates
00408B6C	-
0087A86C	ab_Global.PlayerInitialTurnSpeed
00889F44	aConst.AsteroidMinDamageFactorWithDefGenerator
0088BF78	Globals.TalkText
008891A8	GR_Main.ExtraScreenWidth
00888DF8	GlobalsV.LoadedFilmCount
0088BECC	Globals.IntroductionScreen
0088BF20	Globals.SaveManagerScreen
00881FF4	Globals.ScriptUiRequestEvent
0087DC98	aConst.RangerHullSlots
00889CD5	ab_Ship.ArcadePauseWithShift
0041FE30	-
00408BEC	-
0087DAB8	aConst.CoalitionRankPointThresholds
0041FDA8	-
00412F14	-
00408C0C	-
0087A734	GR_Main.ModShipNameConfig
0088BF60	Globals.FilmCameraFollow
00408C34	-
0041FD88	-
0087A780	GR_Main.UnknownPresentState
00408D1C	-
0088BF50	Globals.LoadArcadeScreen
00879864	GlobalsV.ScrollSense
0087A878	ab_Global.SphereLowSpeedDrag
0087DAE8	aConst.PirateRankPointThresholds
00889BE8	fIntroduction.NewGameGenerationStage
00889E84	aConst.StarHeatArtefactReduction
0087A8B8	ab_Global.HitBackDepth
0087E980	aConst.EquipmentBonusSkills
00879848	GlobalsV.AnimGov
0087EBE4	Robot.SupportedMultiSampleCount
00412FB4	-
00412F6C	-
00408C84	-
00888E5C	MessageText.QuestMessages
00889E48	aConst.NanoArtefactRepair
00879880	GlobalsV.SoundVolume
0088B18C	GR_DX.CircleCos
00889F24	aConst.BombMaximumDamage
00888EF8	GR_Main.LoadedSaveModSet
00888BF4	FlatSB.FlatSB_GetScrollInfo
0087991C	GlobalsV.ActionButtonDepth
0088BF6D	Globals.TalkType
00888DAB	GlobalsV.RunningUnderWine
00888E90	GR_Main.PresentationHeight
0087A76C	GR_Main.CustomCursorEnabled
00412F3C	-
00879814	GlobalsV.DisableAutoPilot
0087B7B4	aScript.ScriptEndTurnRequested
00889F30	aConst.PointDefensePassCount
00888DAC	GlobalsV.ScaleViewportToWindow
0087A894	ab_Global.SphereNearHorizonDepth
00889D10	fPanelLoad.ActiveLoadPanel
00879994	GlobalsV.SputnikShow
0041FED8	-
00888C38	Controls.NewStyleControls
00412EE4	-
008798AC	GlobalsV.BeginCalcNextTurn
008798F8	GlobalsV.MultiThreadEnabled
0087A728	GR_Main.ApplyEditableSaveOnLoad
0087C800	aConst.DominatorResearchRateMultipliers
0087E8B8	aConst.CombatStatusAccumulationFactors
0088C228	EC_Expression.ScriptCallTrace
00882058	EC_Expression.ScriptCallTraceCount
0041FE08	-
00408BCC	-
0088200C	Globals.SkipIntro
008798EC	GlobalsV.MaxSearchResult
0087A70C	GR_Main.RequestedRefreshRate
008798B8	GlobalsV.ActionDoubleClick
00889F20	aConst.BombMinimumDamage
00879818	GlobalsV.SkipGiper
0087C260	aConst.CurrentSaveVersion
00888A00	MultiMon.MonitorFromWindow
0087C568	aConst.CareerTuning
0087C27C	aConst.GalaxyDifficultyTuning
00879884	GlobalsV.RobotSoundVolume
00889F28	aConst.BombDamageRadius
0087B6F4	fTalk.ScriptDialogBlockCallback
0087C558	aConst.NonTargetableStationStandingMasks
0087D0C4	aConst.PlanetEquipmentOfferQuotas
0087C044	aRanger.PlayerAutomaticControl
00881FCC	Globals.FilmSoundEffectsEnabled
0041FDA0	-
00412FA4	-
0041FF30	-
00408D44	-
00408C2C	-
0088C208	Globals.UselessItemRemainsCount
0088BF98	Globals.ScriptActionTypeStack
00408B04	-
00888AB4	UxTheme.GetThemePartSize
00888AA4	UxTheme.DrawThemeBackground
00412F44	-
00884040	System.InitProc
0087B7BC	aScript.ArtefactScriptCache
0087CD38	aConst.PlanetOwnerMasks
00408D34	-
0087A890	ab_Global.SphereProjectedRadius
0087B868	ab_MainForm.ActiveArcadeRequestShips
00882090	aGalaxy.ReservedMessageCounter
00879934	GlobalsV.MemorySnapshotActive
00412EF4	-
00879930	GlobalsV.ConstellationColorDepth
0087A8C0	ab_Global.WorldImageBackDepth
00889C60	aScript.ScriptFunctionScope
00879908	GlobalsV.PlanetDepth
0087E218	aConst.LinerHullSlots
0087B880	fEquipmentShop.TemporaryShopSlots
00888AA0	UxTheme.CloseThemeData
0088BED4	Globals.PlanetScreen
00888F0C	GR_Main.CacheDataRoot
00888DF4	GlobalsV.PendingLoadFileName
0087BC10	aShip.SimulationContext
008820AC	aMyFunction.InfoNameColorTag
00878ABC	Classes.ApplicationHandleException
00408D54	-
00888DFC	GlobalsV.GameEndReason
0088BFC4	Globals.SecondaryFilm
0041FE58	-
0088895C	VarUtils.VarBstrFromDate
00879904	GlobalsV.ShowXonarWarning
0087998C	GlobalsV.AnimChangeForm
00889E3C	aConst.DroidArtefactRepair
0088BF08	Globals.ScannerScreen
00888E8C	GR_Main.PresentationWidth
00412FCC	-
0087B7B0	aScript.ScriptTakeoffRequested
0088BFC8	Globals.TrailingFilmEffects
0087C274	aConst.GalaxySizeX
0088BED0	Globals.HangarScreen
0087A750	GR_Main.RecordingFrames
00888A18	MultiMon.EnumDisplayMonitors
0087B7D4	ab_Space.FirstArcadeSpace
008798A4	GlobalsV.MaxFilmStepSkip
00879898	GlobalsV.MusicVolume
008798C4	GlobalsV.FontDialog
0041FDE8	-
00888AC8	UxTheme.DrawThemeEdge
0088BF14	Globals.GalaxyScreen
00881FF8	Globals.ScriptUiAbortEvent
00889E80	aConst.HyperJumpArtefactRange
008798C8	GlobalsV.FontSmoothingEnabled
0088BF28	Globals.GameMenuScreen
0088BFB8	Globals.ShownPlayerTips
0087EA94	aConst.StationServiceRepeatPeriods
0087EAF4	aConst.ProgramDuration
0041FE38	-
00878010	System.VarClearProc
00408C24	-
0087A8C8	ab_Global.ExplosionBackDepth
00879950	GlobalsV.ScannerReturnScreenId
00879998	GlobalsV.SatelliteLightMapPath
00889ECC	aConst.CargoHookArtefactBoostSpeed
00889EC0	aConst.AntigravityArtefactBoostFactor
0087A898	ab_Global.SphereHorizonDepth
00889D08	aPlayer.ArcadeKellerDefeats
00888E60	GR_Main.RuntimeActive
0087CD3C	aConst.OwnerRelations
00889F34	aConst.PointDefenseBaseRange
00408CC4	-
00408D04	-
00408D94	-
0087EBD8	Robot.RobotFSAASamples
00882008	Globals.SkipVideo
0087995C	GlobalsV.GalaxyReturnScreenId
00412F64	-
00879964	GlobalsV.GameMenuReturnScreenId
00889E34	aConst.RadarArtefactRange
00888EA0	GR_Main.GameScreenRect
00888EC0	GR_Main.ScrollInteriorRect
00889E64	aConst.DefenseToEnergyUpperFactor
0088BFA4	Globals.SharedScriptVariables
00408B44	-
00889F68	aConst.CargoHookBaseSize
00879800	GlobalsV.DefaultOrder
00879914	GlobalsV.UnitPathDepth
00408B84	-
0087B6B4	aSaveLoad.MemorySnapshotBuffer
00879850	GlobalsV.AnimHangar
008798A0	GlobalsV.RobotMusicVolume
0087EB88	aConst.IntegrityDataEnd
008891A0	GR_Main.GameDisplayModes
00879920	GlobalsV.GalaxyStarDepth
00889F64	aConst.RepairRobotBaseSize
00889EDC	aConst.DefenseToEnergyBoostPenalty
00408C64	-
00408D3C	-
0087B7A0	fCustom.CurrentCustomDialog
00889F10	aConst.TransmitterAnySystemPenaltyTurns
00881FF0	Globals.TalkCompletedEvent
00889F58	aConst.EngineBaseSize
00888AFC	UxTheme.GetThemeMargins
0087B884	fEquipmentShop.TemporaryShopPlanet
00889F1C	aConst.ItemExplosionBonusDamage
00889E40	aConst.DroidArtefactWear
0088BF74	Globals.TalkResponse
0087E884	aConst.WeaponDamageClasses
0041FE78	-
0088BF3C	Globals.SelectFaceScreen
00889F6C	aConst.DefGeneratorBaseSize
0045F27C	-
0087A888	ab_Global.ArcadePathStep
00888DE8	GlobalsV.SmoothBigFontName
00889F4C	aConst.HullCapacityScale
00412F1C	-
00408B94	-
00408DA4	-
00408B8C	-
0087E828	aConst.OwnerWeaponAvailability
0041FE60	-
00888B50	UxTheme.DrawThemeParentBackground
0041FD68	-
0087B8A4	SE_Planet.FirstPlanetCollisionCircle
0087B85C	ab_Zone.FirstZoneLink
00879990	GlobalsV.AnimMainFon
0088BF9C	Globals.ScreenLoadMode
0088910C	GR_Main.OnMessageIdle
008799B0	GlobalsV.SatelliteRenderTemplates
0087E378	aConst.DiplomatHullSlots
00412F54	-
00879824	GlobalsV.ShipTail
00889E24	aConst.HullArtefactStatusDecayFactor
00889E30	aConst.EngineArtefactBase
0088C220	Globals.PlanetAdvertDefinitions
0087DC6C	aConst.DefaultHullSlotCounts
0087980C	GlobalsV.SendRecordOff
00889E44	aConst.DroidArtefactStatusDecayFactor
0087C560	aConst.FactionStandingMasks
0087983C	GlobalsV.AnimShipFull
00408D7C	-
00881FE4	Globals.CacheLoader
0088C1A4	Globals.KellerShipTemplates
0087E0B8	aConst.TransportHullSlots
0087C518	aConst.ShipTypeNames
00882054	EC_Expression.ScriptCallTracePosition
00889EEC	aConst.StarHeatArtefactBoostReduction
0087C830	aConst.ScriptActionTypeNames
00888DB4	GlobalsV.MiniFontName
00889D04	aPlanet.MainPiratePlanet
0087CD7C	aConst.PlanetRaceMarket
0087A72C	GR_Main.EditableSaveFileName
00889EB8	aConst.NanoArtefactBoostRepair
00884020	System.AssertErrorProc
00408C8C	-
0087985C	GlobalsV.ScrollTime
00889C78	ab_Space.ArcadeKellerEncounter
00888DEC	GlobalsV.SmoothHugeFontName
0088BF6C	Globals.TalkScripted
00879878	GlobalsV.SoundEnabled
008890F4	GR_Main.SuppressExceptionLogCopy
00408C44	-
00412EFC	-
00888CCC	Forms.Application
00879948	GlobalsV.ShipReturnScreenId
0087DC40	aConst.MinimumHullSlotCounts
00888DE0	GlobalsV.SmoothNormalFontName
00878018	System.VarCopyProc
0087B6BC	aSaveLoad.SaveWriter
0087A848	ab_Global.SphereFarCameraOffset
0087A7FC	GI_MessageLoop.MessageLoopStack
0087DBFC	aConst.LeadershipExperiencePercent
0088AB6C	aConst.HullSeriesCount
0087987C	GlobalsV.SoundInSpaceEnabled
00408C04	-
0088BFA0	Globals.ScriptTemplates
00889E08	aConst.TotalSkillTrainingCost
0088BCD4	GR_DX.LineAlphaTable
00879960	GlobalsV.SaveManagerReturnScreenId
0088C184	Globals.BlazerShipTemplates
0087D178	aConst.StationEquipmentOfferQuotas
00889BD4	aKling.KellerShip
0041FD28	-
0088C204	Globals.PlanetSpaceTemplates
0088C20C	Globals.RobotMapDefinitions
0088BEC8	Globals.NewGameScreen
0088BEF4	Globals.InfoScreen
008798D0	GlobalsV.ScreenshotJpegQuality
0087A798	GR_Main.Direct3DDevice
0041FD48	-
00408BA4	-
008798DC	GlobalsV.AfterburnerStopCondition
00889E8C	aConst.AfterburnerArtefactWearFactor
008891E4	SimpleSteamApi.SteamLeaderboardFound
0088920C	SimpleSteamApi.SteamAchievementsCount
00888DBC	GlobalsV.SmallBoldFontName
0088C28C	aGalaxy.PlayerStar
00889E20	aConst.HullArtefactArmor
00412F0C	-
0087B7CC	aScript.GameplayUiScriptCache
00889D6C	aConst.GoodsStockMax
0088BED8	Globals.UninhabitedPlanetScreen
0087C048	aRanger.PlayerEquipmentBrokenThisTurn
00878AC4	Classes.ApplicationShowException
00879894	GlobalsV.MusicInPlanetEnabled
0088BF38	Globals.ScoreScreen
00878020	System.VarToWStrProc
00408DD4	-
0087BFF4	ThreadCalc.AdaptiveBeginCalcNextTurn
0087EBCC	Robot.RobotSound
008798E8	GlobalsV.MaxPlayerNews
00889F5C	aConst.RadarBaseSize
00889E68	aConst.DefenseToEnergyMinimumFactor
0087E81C	aConst.HullSlotBonusKinds
00889F74	aConst.FuelCapacityByLevel
00408CAC	-
0087B7E4	ab_Space.StartArcadeSpace
0088BF2C	Globals.SettingsScreen
00408B0C	-
00888EF0	GR_Main.SelectedMods
0087DBEC	aConst.TradingSkillSalePercent
00888E63	GR_Main.ShowSystemMouse
0041FD08	-
00408B3C	-
0087C92C	aConst.EquipmentSlotLayouts
00889BD0	aKling.BlazerShip
0041FDE0	-
00408C7C	-
0088BF54	Globals.AchievementsScreen
00879928	GlobalsV.GalaxyWarDepth
008798E4	GlobalsV.QuickSaveExtraSlots
0088BF70	Globals.TalkAmount
00889D68	aConst.GoodsStockMin
008799B8	GlobalsV.StarFieldImageTemplates
00879968	GlobalsV.SettingsReturnScreenId
008799AC	GlobalsV.MaximumSatelliteTemplateRadius
0088BEE4	Globals.ArcadeBattleScreen
0088BEDC	Globals.PlanetQuestScreen
0041FD80	-
0041FDD8	-
00412F94	-
008798C0	GlobalsV.FontQuest
00879808	GlobalsV.EstOptionEnabled
0087993C	GlobalsV.CurrentScreenId
00879844	GlobalsV.AnimMenuShip
0087DC0C	aConst.MaxPlanetNews
0087C25C	aConst.IntegrityDataBegin
008893E0	ab_Global.ArcadeMapBounds
0087996C	GlobalsV.AchievementsReturnScreenId
0088BFD4	Globals.PersistentPlayerMessageLock
0087A738	GR_Main.ModRuinNameConfig
0041FD58	-
008787CC	SysUtils.Win32MinorVersion
00408D5C	-
0087C264	aConst.MinimumLoadableSaveVersion
0087A860	ab_Global.CameraLookAheadDistance
0087A8A8	ab_Global.ShipTailFrontDepth
00889EAC	aConst.DroidArtefactBoostRepair
00889CD2	ab_Hit.KellerDeathPending
00879810	GlobalsV.ChangeAutoPilot
00889F0C	aConst.TransmitterSameSystemPenaltyTurns
00408D84	-
00889CD0	ab_Hit.KellerSplitActive
0087AA10	aModsInfo.SelectedModInfos
00879954	GlobalsV.QuestReturnScreenId
0087A8B0	ab_Global.ItemFrontDepth
0087EB8C	aConst.LastMedicalPolicyTicks
0041FE50	-
0041FF48	-
008799A0	GlobalsV.SatelliteTemplateParameter2
0087A998	ab_Global.SpeedBonusScale
008798CC	GlobalsV.ScreenshotFormat
00879888	GlobalsV.MusicEnabled
00884048	System.IsConsole
00408D8C	-
0087B7C8	aScript.CustomShipInfoScriptCache
008799A8	GlobalsV.GeneratedSatelliteBaseRadius
0087981C	GlobalsV.Wind
00889EE8	aConst.HyperJumpArtefactBoostRange
0087A9C0	ab_Global.ManualCargoPickupDistance
0087C278	aConst.MaximumNewGameDifficulty
0087988C	GlobalsV.MusicInSpaceEnabled
00408C14	-
0087A810	SimpleSteamApi.SteamInitialized
0087A724	GR_Main.ModLanguageInstallConfigs
00881C60	Achievements.AchievementDefinitionTable
0087E504	aConst.StationHullSlots
0088C278	EC_HsFile.PackageCollection
0088BFE4	Globals.ArcadeItemSounds
00889238	ab_Global.SphereViewState
00889F38	aConst.PointDefenseBonusRange
00888BF8	FlatSB.FlatSB_GetScrollPos
00888960	VarUtils.VarBstrFromBool
0088BFA8	Globals.GlobalScriptVariables
0087C928	aConst.NonNegotiatingShipTypes
0041FD18	-
00888AD8	UxTheme.GetThemeColor
00412F74	-
0088BFD0	Globals.ActiveLoadBuffer
00889EA4	aConst.RadarArtefactBoostRange
00408CA4	-
00879974	GlobalsV.LoadingFilmCount
008798D8	GlobalsV.ViewPathLength
0087C550	aConst.StationDefaultStandings
00889ED4	aConst.DefenseToEnergyUpperBoost
0087A974	ab_Global.BonusDurationSeconds
00879938	GlobalsV.PreviousScreenId
00889104	GR_Main.RuntimeExitCheckCallback1
0087B800	ab_Ship.PlayerArcadeShip
0087A748	GR_Main.MusicManager
00884014	System.RaiseExceptionProc
00889F18	aConst.SubportalRewardPenaltyTurns
00888E80	GR_Main.CurrentPixelFormat
0088AFA0	Robot.RobotBattleStatistics
0087EBD0	Robot.RobotMusic
0088C218	Globals.GovernmentGreetingDefinitions
00888E74	GR_Main.RequestedLanguage
00889F50	aConst.HullBaseSize
00889EB0	aConst.DroidArtefactBoostWear
00889E70	aConst.DefenseToWeaponPenalty
0041FEE8	-
00888A08	MultiMon.MonitorFromPoint
0088890C	VarUtils.VariantChangeTypeEx
008797F8	GlobalsV.QuestStyleIndex
0088BFE0	Globals.ArcadeExplosionSounds
0087A82C	ab_Global.ArcadeSpaceProcess
0041FEA8	-
008892D0	ab_Global.SpherePerspectiveMatrix
00879870	GlobalsV.BGOTime
0087E89C	aConst.CombatStatusHullFactors
0088BF00	Globals.ShipScreen
0088C07C	Globals.ArcadeWeaponLoopTicks
0088C214	Globals.ShipGreetingCount
00881FC4	Globals.PlayerStarDayPrepared
00408CEC	-
0087999C	GlobalsV.SatelliteTemplateParameter1
0087B888	fEquipmentShop.TemporaryShopStation
0087A9A0	ab_Global.WeaponDamageBonusScale
0087EA64	aConst.CoalitionProjectNames
0088BFC0	Globals.PrimaryFilm
0087DF58	aConst.PirateHullSlots
00888E04	EC_Struct.StartupCleanupObject
008798A8	GlobalsV.FilmHistoryLimit
0087A8A0	ab_Global.ShipFrontDepth
00889E94	aConst.HullArtefactBoostStatusDecay
00889EA0	aConst.EngineArtefactBoost
00879830	GlobalsV.AnimItem
0088AFC0	GR_DX.MaxTextureSize
0041FDD0	-
0087B808	ab_Ship.KellerAuxiliaryShip
00889EB4	aConst.DroidArtefactBoostStatusDecay
0087E99C	aConst.WeaponRangeLevelFactors
0087E4D8	aConst.TranclucatorHullSlots
0088BF8C	Globals.ScriptActionObject1Stack
00888EEC	GR_Main.UiStyleConfig
0088404A	System.Test8086
00408C94	-
00408D0C	-
00889230	ab_Global.ArcadeFrameCount
00889C68	aScript.ScriptDialogOverrides
00881FBC	Globals.ScriptDialogIndex
0087B7F0	ab_Space.FirstArcadeSpaceLink
0087C4E8	aConst.PlanetEconomyInfo
0088AF58	aConst.MicroModuleCandidateIndices
0087DA98	aConst.CoalitionRankNames
0087CC1C	aConst.GoodsTextOrder
0041FE18	-
0087A838	ab_Global.SphereCameraDistance
0087C268	aConst.LocalizedTextLinePrefix
00889E2C	aConst.SpeedArtefactFactor
00412EEC	-
0087803C	System.LibModuleList
0087B820	ab_StopLine.FirstStopLine
00889D40	aConst.CustomArtefactLootPools
00412F4C	-
0087EBD4	Robot.RobotVSync
008797FC	GlobalsV.QuestPageAnimationEnabled
00881FB4	Globals.StandaloneQuestMode
0087DAC8	aConst.PirateRankNames
00879838	GlobalsV.BGImage
0041FDB8	-
0041FD78	-
00408DE4	-
008798F0	GlobalsV.ClickAutoCloseForm
0087BBD4	fShip2.PlayerHoldEntries
00889CCC	ab_Hit.KellerBreakupTicks
008798BC	GlobalsV.GalaxyMapFontChoice
0088BFB0	Globals.LastLoadedPlayerName
00889E7C	aConst.SplinterArtefactFactor
00889E74	aConst.EnergyPulseArtefactFactor
0041FE68	-
0041FEB0	-
00412F04	-
00408CCC	-
0087A95C	ab_Global.BonusRespawnSeconds
0087D298	aConst.StationGoodsFactors
0087A720	GR_Main.ModInstallConfigs
0088959C	GI_PSWeapon17Kafacitor.KafacitorAnimationPaths
008895AC	GI_PSWeapon14Vertix.Weapon14AnimationPaths
008895D4	GI_PSWeapon10AVision.AVisionAnimationPaths
00889400	GI_RadialEffect.AuraAnimationPaths
00889590	GI_PSMissileHit.MissileHitAnimationPaths
00888DDC	GlobalsV.SmoothSmallBoldFontName
0087A884	ab_Global.ArcadeMapPanMargin
00881FAC	Globals.ReloadScriptTemplates
00889C5C	aScript.StagedArcadeShips
0087A8B4	ab_Global.HitFrontDepth
0088BF68	Globals.TalkPlanet
0087E8D4	aConst.EquipmentBonusNames
0088BF90	Globals.ScriptActionObject2Stack
00412F8C	-
00408B2C	-
00408BC4	-
0087C5F4	aConst.DominatorShipTypeNames
0088C290	aGalaxy.PlayerDialogueRequestCount
0087A708	GR_Main.InterfaceBlendPalette
00412F84	-
00408B64	-
00888EE8	GR_Main.LanguageDataConfig
00889C74	aScript.ScriptRequestThread
00889EF4	aConst.AfterburnerArtefactBoostWearFactor
0088BF1C	Globals.LoadScreen
0087E7C4	aConst.HullType9Slots
0041FE10	-
00408C5C	-
00408B5C	-
00889E60	aConst.WeaponToSpeedArtefactBonus
00889E90	aConst.HullArtefactBoostArmor
00408D14	-
0087AA0C	aModsInfo.ModInfos
00889D0C	aPlayer.ArcadeKellerReward
0088BEE0	Globals.RuinsTalkScreen
00889D50	aConst.UselessItemLootPools
0087882C	SysUtils.HexDisplayPrefix
00882094	aGalaxy.TurnsSinceLastShipMessage
00889ED8	aConst.DefenseToEnergyMinimumBoost
00889C54	aScript.QueuedTextQuests
00879910	GlobalsV.ShipPathEndDepth
00889D70	aConst.GoodsInflationStartTurn
0088BEEC	Globals.GoodsShopScreen
00889DB4	aConst.SkillTrainingCosts
0087EBE8	Robot.MaximumAnisotropy
0087C26C	aConst.GalaxyStarCount
00881FC0	Globals.AwardSubject
00879944	GlobalsV.PostLoadScreenId
0041FEC0	-
0041FEC8	-
00412FBC	-
00412F7C	-
00408CB4	-
00408B74	-
008891D0	SimpleSteamApi.SteamUserId
00889CAC	ab_Hit.KellerFragmentValuesAC
0087EB94	Robot.RobotSettings
00878008	System.RandSeed
0087A784	GR_Main.LastMouseMessageTick
0087A6F0	GR_Main.DisplayBrightness
00878ACC	Classes.WakeMainThread
00879874	GlobalsV.SpaceImage
0088AFC8	GR_DX.DrawVertices
00879978	GlobalsV.BackgroundShade
00888C2C	Controls.Mouse
00412FAC	-
0087A7B8	GR_Main.RobotDisplayModeCount
00879854	GlobalsV.CircleAction
0088BF10	Globals.FilmScreen
0041FE98	-
008891F0	SimpleSteamApi.SteamRunCallbacks
00889F08	aConst.TransmitterAnySystemPenalty
00888E14	DirectSound.DirectSoundEnumerate
0088BF48	Globals.LoadRobotScreen
0088BFEC	Globals.ArcadeWeaponFirstSounds
008890FC	GR_Main.TriangleRasterizer16
00889EFC	aConst.AverageTransmitterPower
0087A700	GR_Main.OffscreenFrameUpdated
0088A160	aConst.WeaponInfos
00408CBC	-
00889E38	aConst.ScannerArtefactPower
0087A7C0	GR_Main.AltResolutionSwitch
0087A868	ab_Global.PlayerDriftTurnStep
00889110	GR_Main.OnMessageResume
0088680B	SysUtils.DecimalSeparator
0087EC10	GR_DX.ResidentTextureBytes
0087A8BC	ab_Global.WorldImageFrontDepth
0088BF94	Globals.ScriptActionParamStack
0087801C	System.VarToLStrProc
0087A6F4	GR_Main.DisplayContrast
0087C5E0	aConst.TransportTypeNames
0087DB10	aConst.RaceSkillEvaluationFactors
0087B7C0	aScript.ArtefactKindScriptCache
00879940	GlobalsV.RequestedScreenId
0087A89C	ab_Global.SphereFarHorizonDepth
0087C818	aConst.ResearchProgramCostFactors
0087C4AC	aConst.RelationInfo
0041FE28	-
0087A6F8	GR_Main.RobotBrightness
00888E78	GR_Main.AvailableLanguageCodes
00888E88	GR_Main.GameScreenHeight
00408BD4	-
00888F00	GR_Main.GameDataConfig
00888C00	FlatSB.FlatSB_SetScrollInfo
0087A9B0	ab_Global.PlayerInvisibleAlpha
0088922C	ab_Global.ArcadeTickCount
0088C27C	EC_HsFile.PackageFileLock
008889AC	Classes.GlobalNameSpace
00408B9C	-
0087A760	GR_Main.BuildVersionMismatch
00889F40	aConst.AsteroidMaxDamageFactor
008890E4	GR_Main.SecondarySavePreviewGraph
0087D9B8	aConst.GoodsLegalOnPlanet
0088AB64	aConst.MicroModuleTemplateCount
0041FDC0	-
0041FEA0	-
00888CD0	Forms.Screen
0088C280	EC_HsFile.LooseFileRoot
0088C0C4	Globals.RaceShipTemplates
0087A7BC	GR_Main.SelectedRobotDisplayMode
0087B7DC	ab_Space.CurrentArcadeSpace
0087A6E8	GR_Main.ExitScreenLoop
00879984	GlobalsV.PlanetClouds
00408C1C	-
00408B7C	-
0088BFE8	Globals.ArcadeHitSounds
00889200	SimpleSteamApi.SteamIncreaseStat
0087A79C	GR_Main.OffscreenTexture
0087880C	SysUtils.LeadBytes
0087A9AC	ab_Global.OtherInvisibleAlpha
0088C1E4	Globals.PirateClanShipTemplates
0087CA9C	aConst.GoodsMarket
0041FD98	-
0041FDB0	-
008893D8	ab_Global.ArcadeMapCenter
00889BDC	aKling.PieceCreatorTargetStarId
00889E4C	aConst.DefenseArtefactBonus
00889E58	aConst.CargoHookArtefactRange
008787C4	SysUtils.Win32Platform
00879828	GlobalsV.ThreeDimensionalModeEnabled
00888E10	DirectSound.DirectSoundCreate
0087A8C4	ab_Global.ExplosionFrontDepth
0087DB88	aConst.PilotSkillEffects
00888DB8	GlobalsV.SmallFontName
0087A6FC	GR_Main.RobotContrast
00888F04	GR_Main.NewGameSettingsConfig
00888ED4	GR_Main.WideCaseTable
00412F2C	-
00889E88	aConst.ExtraMissileChance
00889F3C	aConst.AsteroidMinDamageFactor
0088BFD8	Globals.FirstPersistentPlayerMessage
00884030	System.MainThreadID
00888B08	UxTheme.SetWindowTheme
008868C4	SysUtils.SysLocale
00408BFC	-
00408CE4	-
00412F9C	-
